,y_valid,q_pred0,q_pred1,q_pred2,q_pred3
0,4.83,4.940000000000001,4.768833,5.4134912,4.157936
1,4.690000000000001,4.83,7.6156063,5.2902665,3.6788929
2,4.580000000000001,4.690000000000001,6.6122146,5.1650605,3.6500552
3,4.55,4.580000000000001,7.917482,5.082801,3.6641574
4,4.49,4.55,5.928623,5.0876937,3.898724
5,4.39,4.49,4.6052637,5.001251,3.3963203
6,4.33,4.39,5.129074,4.9109077,3.4219058
7,4.31,4.33,4.9926753,4.878558,3.424054
8,4.27,4.31,3.5658047,4.869044,3.4435477
9,4.22,4.27,4.9438353,4.818667,3.4840882
10,4.25,4.22,1.9453571,4.7775564,3.232766
11,4.31,4.25,2.9305167,4.842749,3.3355198
12,4.26,4.31,4.460771,4.8893867,3.0467403
13,4.25,4.26,4.298845,4.7931647,3.197354
14,4.19,4.25,5.122749,4.833882,3.2806265
15,4.16,4.19,3.2343328,4.727074,3.2384531
16,4.13,4.16,1.52855,4.745914,3.152465
17,4.08,4.13,4.025548,4.693372,2.9144201
18,4.09,4.08,4.3377275,4.6534886,3.1405673
19,4.05,4.09,4.521165,4.690094,3.1763
20,4.02,4.05,6.0883307,4.613509,2.83194
21,4.32,4.02,2.1123657,4.6151786,3.0206962
22,11.18,4.32,4.032409,5.0326014,3.31147
23,21.53,11.18,11.426321,14.315358,12.354792
24,15.92,21.53,20.352684,23.267569,22.211506
25,11.15,15.92,12.913531,10.599135,11.53869
26,8.57,11.15,10.993538,11.140501,10.819496
27,7.180000000000001,8.57,9.024523,7.250536,7.2738976
28,6.35,7.180000000000001,6.648104,7.521404,5.434705
29,5.840000000000001,6.35,6.9745655,6.211979,5.5287905
30,5.470000000000001,5.840000000000001,7.4366584,6.244588,5.417023
31,5.300000000000001,5.470000000000001,4.841571,5.710477,4.947418
32,5.22,5.300000000000001,3.8586922,5.7767854,4.1999745
33,5.11,5.22,6.0454187,5.6276336,3.809457
34,5.56,5.11,5.3139405,5.558995,3.9849994
35,5.06,5.56,6.5071297,6.2250795,5.632619
36,4.7,5.06,6.4908104,5.149997,4.504473
37,4.56,4.7,5.2923756,5.2586694,3.856501
38,4.5,4.56,6.40168,5.001741,3.5300033
39,4.46,4.5,5.9149833,5.0640173,3.567636
40,4.34,4.46,3.9841971,4.9728665,3.7953668
41,4.24,4.34,6.294475,4.8573065,4.0160007
42,4.16,4.24,3.6813238,4.7834973,2.888552
43,4.2,4.16,4.834568,4.7138586,3.5091305
44,4.27,4.2,3.0188632,4.8092055,3.1565986
45,3.99,4.27,2.7231755,4.8526607,3.2003455
46,3.9300000000000006,3.99,3.72118,4.4374537,3.0729024
47,3.7999999999999994,3.9300000000000006,6.3901386,4.5896792,3.6341166
48,3.98,3.7999999999999994,2.8089437,4.3218536,2.1368918
49,4.26,3.98,4.6056213,4.7250915,2.189986
50,4.12,4.26,3.9787724,4.886498,3.4766984
51,4.07,4.12,2.7172868,4.5995526,3.2176678
52,4.37,4.07,4.1088915,4.6928434,2.835248
53,4.61,4.37,4.766931,5.058206,3.7441356
54,4.87,4.61,6.8450117,5.1853223,3.380874
55,4.87,4.87,5.098986,5.4756064,4.1725903
56,4.51,4.87,5.0421357,5.310757,3.6233072
57,4.38,4.51,3.6777978,4.9024296,3.1786082
58,4.32,4.38,5.8643947,4.953099,3.1485276
59,4.27,4.32,4.221433,4.8406453,3.075816
60,4.2,4.27,4.6173244,4.8348,3.2900198
61,4.06,4.2,3.5434098,4.7404985,3.4277663
62,3.92,4.06,5.3823514,4.598818,3.3403757
63,3.85,3.92,3.2582076,4.4840484,2.5866535
64,3.79,3.85,4.6261196,4.451621,3.1910071
65,3.71,3.79,3.6486385,4.3863535,2.6353621
66,3.6700000000000004,3.71,3.9437947,4.3118467,2.5639217
67,3.64,3.6700000000000004,4.7387376,4.2983875,2.7457907
68,3.7000000000000006,3.64,6.1512904,4.2641864,2.5409718
69,4.0,3.7000000000000006,5.326189,4.3673177,2.8206758
70,3.8699999999999997,4.0,4.108889,4.727156,3.2192807
71,3.7999999999999994,3.8699999999999997,5.7302127,4.34138,2.923845
72,3.7200000000000006,3.7999999999999994,5.128902,4.462943,3.0123212
73,3.6799999999999997,3.7200000000000006,4.97235,4.2822747,2.695952
74,3.7200000000000006,3.6799999999999997,5.430594,4.329141,2.5973363
75,3.58,3.7200000000000006,6.608597,4.358307,2.6177807
76,3.48,3.58,3.136622,4.146434,2.537466
77,3.48,3.48,5.925762,4.127333,2.2428813
78,3.41,3.48,5.0844965,4.138188,2.627165
79,3.43,3.41,5.4424295,4.034362,2.318068
80,3.6,3.43,6.2745824,4.121269,2.4399054
81,5.210000000000001,3.6,5.8441405,4.3090353,2.7777643
82,7.29,5.210000000000001,3.9487853,6.4468393,4.5947
83,6.570000000000001,7.29,8.3587265,8.129929,6.5382686
84,5.800000000000001,6.570000000000001,7.6734324,6.1731243,4.9138274
85,5.12,5.800000000000001,5.61453,6.21091,4.861589
86,4.78,5.12,6.6363206,5.2417006,3.871468
87,4.65,4.78,3.9520519,5.3181224,3.701098
88,4.51,4.65,1.9100409,5.0934663,3.6365206
89,4.34,4.51,4.4644647,5.02586,3.6474183
90,4.19,4.34,5.342852,4.8272014,3.4853761
91,3.81,4.19,3.893711,4.7308693,3.0391717
92,3.33,3.81,4.824577,4.255572,2.5306714
93,3.43,3.33,4.324567,3.856032,2.1413634
94,3.6799999999999997,3.43,3.1100118,4.2226114,2.5658507
95,3.71,3.6799999999999997,3.3745103,4.3630433,2.779415
96,3.42,3.71,3.7566674,4.325093,2.674574
97,3.31,3.42,1.9557985,3.942089,2.4199355
98,3.19,3.31,6.633288,4.0062947,2.3453457
99,3.08,3.19,5.219782,3.8023777,2.2467642
100,3.04,3.08,3.381743,3.7647977,2.1157107
101,3.27,3.04,2.734336,3.730346,1.9684072
102,3.46,3.27,4.1318345,4.070827,2.3253002
103,3.28,3.46,5.788274,4.142399,2.377471
104,3.29,3.28,5.1663313,3.8505933,2.1102936
105,3.9300000000000006,3.29,3.103941,4.0303917,2.287619
106,5.31,3.9300000000000006,3.6842117,4.8209424,3.249117
107,5.150000000000001,5.31,5.8843274,6.2956486,4.530432
108,4.39,5.150000000000001,5.4833865,5.2354,3.7018902
109,4.02,4.39,4.5355277,4.777892,3.2830105
110,3.7000000000000006,4.02,4.6321535,4.5217814,2.988411
111,3.34,3.7000000000000006,4.0466866,4.2209396,2.397443
112,3.03,3.34,3.011065,3.8896677,2.2136753
113,2.82,3.03,2.6255507,3.6454155,1.924661
114,2.65,2.82,4.8555717,3.4912195,1.8534396
115,2.56,2.65,6.1046615,3.3416407,1.5425384
116,2.55,2.56,2.6950939,3.3010755,1.3737577
117,2.51,2.55,3.513191,3.310181,1.3932679
118,3.04,2.51,2.5776744,3.2491822,1.5046098
119,3.8699999999999997,3.04,3.3019516,4.0234013,2.2174675
120,3.6700000000000004,3.8699999999999997,5.20741,4.741238,2.9509072
121,3.76,3.6700000000000004,7.271951,4.054372,2.3998272
122,3.9300000000000006,3.76,1.7995523,4.5702243,2.8341436
123,3.8399999999999994,3.9300000000000006,3.1003118,4.5142426,2.9648108
124,3.6700000000000004,3.8399999999999994,5.8423114,4.420516,2.7693777
125,3.62,3.6700000000000004,2.3993902,4.2366347,2.6140838
126,3.9700000000000006,3.62,2.5811687,4.271378,2.636717
127,3.71,3.9700000000000006,6.1908526,4.739822,3.0157583
128,3.6700000000000004,3.71,5.797872,4.110981,2.4501884
129,3.73,3.6700000000000004,2.1797316,4.4125257,2.6607797
130,3.58,3.73,7.091997,4.3248744,2.7159295
131,3.56,3.58,0.82915866,4.165433,2.44456
132,3.54,3.56,3.1085298,4.2281394,2.472432
133,3.52,3.54,5.4725866,4.1646037,2.4593563
134,3.5,3.52,1.2511507,4.172809,2.540865
135,3.7400000000000007,3.5,2.130371,4.140246,2.4185362
136,3.48,3.7400000000000007,5.1572247,4.493537,2.7588325
137,3.38,3.48,2.065626,3.930067,2.333783
138,3.66,3.38,3.4982939,4.1107855,2.3446243
139,3.51,3.66,6.3511095,4.3986883,2.7416651
140,3.92,3.51,1.7401463,4.0258284,2.3253503
141,3.71,3.92,3.366179,4.809589,3.041915
142,3.46,3.71,2.8878534,4.071332,2.495012
143,3.27,3.46,3.4151227,4.1421113,2.4766307
144,3.14,3.27,5.7400694,3.8368044,2.2086658
145,3.06,3.14,2.461041,3.8289475,1.9680676
146,3.35,3.06,1.0265672,3.7217896,2.0348368
147,3.9500000000000006,3.35,3.298455,4.1872954,2.4148338
148,4.12,3.9500000000000006,5.204558,4.759698,3.009608
149,4.41,4.12,6.6726785,4.671593,3.0138147
150,5.12,4.41,5.8238597,5.1260495,3.486684
151,5.150000000000001,5.12,2.4634976,5.857716,4.2616262
152,4.51,5.150000000000001,3.272245,5.4841022,3.9567864
153,4.06,4.51,6.326207,4.803956,3.3958597
154,4.12,4.06,6.1246796,4.5627646,3.0161412
155,7.599999999999999,4.12,3.722719,4.7834754,3.084329
156,12.62,7.599999999999999,7.5341673,9.502423,7.675527
157,14.3,12.62,13.001334,13.79038,12.452157
158,10.46,14.3,12.703458,13.698331,13.157328
159,7.29,10.46,8.200194,8.430362,8.40883
160,5.66,7.29,6.732796,7.0055065,6.2510533
161,5.470000000000001,5.66,6.2489467,5.543261,4.2744207
162,5.400000000000001,5.470000000000001,6.043011,6.1086106,4.4832387
163,4.32,5.400000000000001,6.675921,5.690117,4.7087
164,4.07,4.32,6.712698,4.4219084,3.3851578
165,3.78,4.07,6.9278536,4.7937655,3.3942513
166,3.6799999999999997,3.78,4.168789,4.177979,2.2734673
167,3.39,3.6799999999999997,4.0663657,4.3884053,2.487545
168,6.220000000000001,3.39,5.5729837,3.8642497,2.6585226
169,11.09,6.220000000000001,7.557687,8.104947,6.6754475
170,9.0,11.09,10.987256,12.463684,11.378862
171,18.81,9.0,8.184806,7.098782,6.5568633
172,25.57,18.81,18.64704,23.56303,21.719088
173,19.13,25.57,26.222149,23.63447,24.29206
174,12.75,19.13,15.818578,14.828184,15.464104
175,9.82,12.75,9.642599,10.97043,12.218028
176,9.72,9.82,8.508042,9.085308,8.332791
177,12.51,9.72,9.733738,10.01273,8.693931
178,14.53,12.51,11.869557,13.351766,12.399015
179,13.46,14.53,13.310847,14.261789,14.398151
180,10.51,13.46,10.725194,12.272806,12.619962
181,10.1,10.51,12.261999,9.3068285,9.132839
182,11.01,10.1,10.32001,10.4147215,8.7630005
183,11.94,11.01,10.071754,11.05061,9.939673
184,10.81,11.94,12.4369335,11.979679,12.169525
185,10.53,10.81,10.42372,9.889152,10.560495
186,9.66,10.53,9.537326,10.682053,10.286131
187,8.09,9.66,8.388528,9.026221,8.713373
188,8.66,8.09,8.282775,7.781141,6.4079676
189,11.73,8.66,9.305999,9.278654,9.380356
190,13.74,11.73,14.188632,12.687449,12.039258
191,14.729999999999999,13.74,10.856487,13.54558,12.999035
192,11.9,14.729999999999999,12.118271,14.428566,14.217517
193,11.81,11.9,11.604994,10.017421,10.388215
194,13.28,11.81,11.776116,12.382024,11.428026
195,14.850000000000001,13.28,13.576868,13.082317,13.150633
196,13.55,14.850000000000001,14.699427,14.853649,15.056697
197,10.8,13.55,12.076282,12.063802,11.966064
198,9.23,10.8,9.481223,9.827709,8.879125
199,8.2,9.23,8.075723,8.912314,8.993328
200,7.62,8.2,6.903958,7.998722,6.762146
201,7.08,7.62,7.5150204,7.7095695,7.210894
202,7.29,7.08,9.734122,7.1219296,6.580614
203,7.489999999999999,7.29,9.062264,7.747371,7.104523
204,12.14,7.489999999999999,9.096963,7.6711507,6.509739
205,23.27,12.14,12.448202,14.157108,12.459751
206,24.72,23.27,22.647997,25.684893,24.804235
207,25.38,24.72,22.300543,21.322145,22.302074
208,32.62,25.38,21.66712,24.604069,25.285507
209,25.4,32.62,29.509645,32.385433,33.27215
210,22.71,25.4,21.772207,18.536263,20.101278
211,24.37,22.71,19.878149,22.540997,22.814247
212,26.05,24.37,22.318235,22.579618,23.666588
213,20.43,26.05,24.105616,24.815243,25.272245
214,20.24,20.43,17.261332,15.954142,17.445993
215,25.35,20.24,19.52558,20.622713,20.414976
216,24.09,25.35,22.811985,24.94522,25.038017
217,16.42,24.09,21.896057,20.876867,21.334393
218,14.51,16.42,16.258532,12.639598,14.700657
219,17.11,14.51,16.232035,14.633856,15.176996
220,16.08,17.11,15.279163,17.088875,17.32159
221,13.49,16.08,13.70472,14.299902,14.476987
222,11.98,13.49,12.113921,12.292825,12.933372
223,10.85,11.98,12.236666,11.334525,12.437858
224,10.15,10.85,12.900093,10.309312,10.435695
225,11.26,10.15,10.092752,9.917517,9.3861885
226,14.719999999999999,11.26,12.225424,11.677378,11.7351055
227,15.67,14.719999999999999,17.803875,15.462043,15.166628
228,12.85,15.67,18.340479,14.647978,15.977541
229,11.04,12.85,11.478515,11.210703,12.082366
230,9.96,11.04,12.716512,10.642755,10.709365
231,9.39,9.96,11.081319,9.465174,7.988413
232,9.2,9.39,9.655643,9.339761,9.656752
233,12.06,9.2,9.819759,9.146805,8.758557
234,16.27,12.06,13.206961,13.217495,11.640309
235,22.39,16.27,13.865748,16.728493,16.575611
236,23.73,22.39,18.005741,23.10204,23.116213
237,23.06,23.73,19.982822,21.406267,21.539837
238,24.68,23.06,22.950724,21.434393,22.239397
239,23.41,24.68,23.978355,23.603718,24.632534
240,17.2,23.41,18.673708,20.69581,21.571602
241,14.01,17.2,14.184322,13.818357,13.474086
242,13.81,14.01,15.9089775,13.282394,13.503576
243,16.75,13.81,15.765242,13.307698,13.651875
244,21.59,16.75,17.28037,17.335617,16.932425
245,23.44,21.59,21.017963,21.689007,21.250856
246,18.56,23.44,22.776316,21.792587,22.723936
247,14.84,18.56,20.101511,15.076296,17.009396
248,12.71,14.84,17.095661,13.720638,13.689199
249,11.24,12.71,12.5742655,11.539995,12.004803
250,10.23,11.24,11.523575,10.734064,10.35928
251,9.64,10.23,13.402911,9.788398,10.449986
252,9.1,9.64,11.4780655,9.504098,9.475225
253,9.33,9.1,10.667431,8.91485,8.965401
254,16.8,9.33,9.842906,9.567758,9.017235
255,24.02,16.8,17.179338,19.483366,18.507324
256,19.71,24.02,22.957443,23.78476,24.519054
257,18.08,19.71,19.629143,15.541711,17.695604
258,20.91,18.08,15.96308,17.910006,18.732317
259,24.5,20.91,19.569239,20.450737,20.789597
260,31.84,24.5,25.288862,23.90014,23.279947
261,35.35,31.84,32.395508,31.745434,32.441826
262,30.170000000000005,35.35,33.33729,32.15329,33.600945
263,21.85,30.170000000000005,28.462467,25.109575,27.63198
264,17.21,21.85,21.68241,17.735643,18.665998
265,15.15,17.21,18.60449,15.492444,15.535518
266,13.63,15.15,17.399199,13.914383,13.836382
267,12.46,13.63,16.60355,12.703479,13.465355
268,11.56,12.46,14.556324,11.767513,12.597715
269,10.87,11.56,12.536144,11.049126,10.78059
270,10.51,10.87,12.352968,10.498295,9.2237015
271,10.43,10.51,11.407036,10.310204,9.26271
272,9.65,10.43,11.761868,10.305517,10.561861
273,8.62,9.65,12.485224,9.225418,10.003968
274,8.12,8.62,10.691457,8.405442,8.436078
275,7.83,8.12,9.553341,8.174639,8.15572
276,7.590000000000001,7.83,10.330352,7.9020386,7.279204
277,7.58,7.590000000000001,10.639009,7.722627,7.1925545
278,10.13,7.58,9.949743,7.8104,7.5108614
279,13.73,10.13,10.526633,11.301216,10.75363
280,13.12,13.73,13.635499,14.310441,13.203453
281,11.67,13.12,13.900957,11.774978,11.027652
282,14.18,11.67,14.2985735,11.197319,11.771089
283,15.970000000000002,14.18,16.475216,14.988335,14.802932
284,14.04,15.970000000000002,18.762678,15.326292,15.147435
285,11.73,14.04,14.773523,12.475197,12.805455
286,9.91,11.73,10.612394,10.88521,10.635937
287,8.73,9.91,10.7690935,9.258558,8.244188
288,8.03,8.73,10.242173,8.539605,7.40578
289,7.550000000000001,8.03,9.918464,7.97344,6.917711
290,7.16,7.550000000000001,9.27982,7.626496,6.6881146
291,7.359999999999999,7.16,9.968712,7.2804065,6.750408
292,7.849999999999999,7.359999999999999,10.7455015,7.7549443,7.1427855
293,7.989999999999999,7.849999999999999,11.3217535,8.167665,7.2116446
294,7.610000000000001,7.989999999999999,10.875595,8.128548,7.09759
295,7.349999999999999,7.610000000000001,10.438944,7.622065,6.481666
296,6.970000000000001,7.349999999999999,10.540245,7.5473647,6.8771267
297,6.71,6.970000000000001,10.270827,7.0607767,6.0732336
298,6.52,6.71,10.449799,6.97475,5.7638655
299,6.300000000000001,6.52,11.908292,6.758972,6.139087
300,6.12,6.300000000000001,10.590672,6.5749884,5.933492
301,6.180000000000001,6.12,8.132341,6.4286556,5.649477
302,5.970000000000001,6.180000000000001,7.2745905,6.5952644,5.721902
303,5.760000000000001,5.970000000000001,8.219201,6.2081757,5.420878
304,5.6,5.760000000000001,7.345369,6.135283,4.6800528
305,5.45,5.6,6.186433,5.9537077,4.351344
306,5.230000000000001,5.45,6.5080056,5.8477473,4.681213
307,5.06,5.230000000000001,7.3307395,5.6012783,4.635361
308,5.170000000000001,5.06,6.878393,5.5042624,4.0391755
309,5.170000000000001,5.170000000000001,7.056562,5.712676,4.340819
310,5.11,5.170000000000001,8.582945,5.5943413,4.65549
311,4.980000000000001,5.11,8.211309,5.5778985,4.366778
312,4.97,4.980000000000001,8.10426,5.4060173,3.9639292
313,4.95,4.97,7.766342,5.489683,4.0550604
314,5.010000000000001,4.95,9.17953,5.414291,3.638793
315,4.940000000000001,5.010000000000001,8.56202,5.540745,3.9327598
316,4.65,4.940000000000001,7.1833014,5.371353,3.934443
317,4.53,4.65,5.9435635,5.063231,3.6768575
318,4.46,4.53,5.4244404,5.070922,3.572023
319,4.47,4.46,5.32783,4.9689445,3.5358973
320,4.36,4.47,6.1667995,5.0408154,3.6038272
321,4.19,4.36,5.5799828,4.8465967,3.4290743
322,4.08,4.19,4.472517,4.71985,3.0728998
323,3.94,4.08,3.9798563,4.638445,2.891578
324,3.8199999999999994,3.94,3.9022715,4.4894285,2.8347557
325,3.73,3.8199999999999994,3.7583659,4.4067183,2.7904177
326,3.7000000000000006,3.73,5.2450895,4.328174,2.7934191
327,3.6799999999999997,3.7000000000000006,4.510713,4.3309574,2.8581648
328,3.69,3.6799999999999997,4.667455,4.301477,2.8099709
329,3.7000000000000006,3.69,5.591935,4.332179,2.7929795
330,3.8399999999999994,3.7000000000000006,5.7217603,4.328682,2.7137275
331,3.8899999999999997,3.8399999999999994,6.915649,4.525951,2.8623877
332,3.8899999999999997,3.8899999999999997,6.1294827,4.483606,2.8347273
333,3.8899999999999997,3.8899999999999997,5.6635075,4.5076656,2.7536187
334,3.83,3.8899999999999997,5.807008,4.493995,2.85398
335,3.75,3.83,5.370026,4.4180717,2.8569474
336,3.6799999999999997,3.75,5.179716,4.349621,2.7952387
337,3.69,3.6799999999999997,5.6493454,4.2908716,2.7169063
338,3.77,3.69,4.305543,4.3382053,2.775387
339,3.79,3.77,4.2349887,4.422901,2.7080543
340,3.83,3.79,4.1535115,4.4026732,2.6905322
341,3.85,3.83,4.0332146,4.4699616,2.736781
342,3.9300000000000006,3.85,4.0990186,4.4596252,2.7216208
343,3.8899999999999997,3.9300000000000006,4.98682,4.5770826,2.8532774
344,3.8199999999999994,3.8899999999999997,3.531683,4.454553,2.8607197
345,3.8399999999999994,3.8199999999999994,3.8420472,4.426535,2.8444526
346,4.23,3.8399999999999994,4.8137584,4.4703517,2.908066
347,4.630000000000001,4.23,6.586736,4.989369,3.3527498
348,4.51,4.630000000000001,7.8743935,5.252303,3.62237
349,4.33,4.51,7.255089,4.9356346,3.363579
350,4.11,4.33,6.0060406,4.8645115,3.2843192
351,3.9500000000000006,4.11,5.1942673,4.5980964,2.9636157
352,3.83,3.9500000000000006,5.7826176,4.5263023,2.8500671
353,3.76,3.83,5.55262,4.399714,2.8288481
354,3.7400000000000007,3.76,5.701385,4.3740015,2.8250444
355,3.71,3.7400000000000007,5.2137733,4.3607144,2.7916214
356,3.6799999999999997,3.71,3.5532947,4.326416,2.7119973
357,3.73,3.6799999999999997,2.4764698,4.304058,2.6203117
358,3.81,3.73,4.3272223,4.386509,2.6671567
359,3.99,3.81,3.5791538,4.451249,2.7737412
360,5.690000000000001,3.99,2.4560897,4.6655254,3.0094972
361,11.6,5.690000000000001,3.9475958,6.913101,5.1667347
362,12.34,11.6,10.083034,13.83835,12.164964
363,9.32,12.34,11.386417,10.961027,10.553653
364,7.590000000000001,9.32,7.724752,8.395689,7.832836
365,6.56,7.590000000000001,7.138076,7.442788,6.887508
366,5.66,6.56,7.031895,6.5491385,5.128355
367,5.02,5.66,5.286327,5.80238,4.4030614
368,4.65,5.02,4.321508,5.334298,4.1085267
369,4.44,4.65,3.7312934,5.084278,3.9035094
370,4.26,4.44,3.67,4.9334683,3.4635966
371,4.11,4.26,4.193489,4.7681217,3.0427928
372,4.02,4.11,2.660905,4.65286,2.909038
373,4.0,4.02,3.0456076,4.592821,3.2212098
374,3.73,4.0,4.1402054,4.5990386,3.4276576
375,3.7000000000000006,3.73,3.8549957,4.2188873,2.8232145
376,3.7999999999999994,3.7000000000000006,3.3626976,4.3930583,2.684559
377,3.78,3.7999999999999994,4.1522207,4.433579,2.8296485
378,4.06,3.78,4.2369757,4.3826566,2.7784991
379,4.11,4.06,4.362649,4.8021183,3.5653327
380,4.43,4.11,3.9974725,4.6335454,3.0294428
381,6.29,4.43,3.6258187,5.1755457,3.6073592
382,8.17,6.29,4.885465,7.4591427,5.8939347
383,7.429999999999999,8.17,6.5062857,8.7800865,7.3803363
384,6.12,7.429999999999999,6.5007668,7.0020776,5.9505024
385,5.730000000000001,6.12,6.322372,6.186276,5.3500085
386,5.610000000000001,5.730000000000001,6.1733866,6.105912,4.7745113
387,5.040000000000001,5.610000000000001,5.6819496,5.984316,3.9633813
388,4.61,5.040000000000001,4.905968,5.258856,3.7454867
389,4.43,4.61,4.0260506,5.0713553,3.9318275
390,4.25,4.43,3.2564738,4.926864,3.3822274
391,4.08,4.25,2.2895956,4.7579274,3.2236187
392,3.9700000000000006,4.08,1.6570305,4.6168113,2.9188433
393,3.8899999999999997,3.9700000000000006,2.4759457,4.5435658,3.0267513
394,3.81,3.8899999999999997,2.8852847,4.473597,3.0287895
395,3.73,3.81,3.4586318,4.4017644,2.772886
396,3.6799999999999997,3.73,3.5585332,4.330989,2.5937033
397,4.28,3.6799999999999997,4.3417287,4.3014593,2.5333142
398,3.34,4.28,4.8241878,5.1550193,3.5254853
399,3.78,3.34,3.3834867,3.358719,2.075711
400,4.790000000000001,3.78,5.377952,4.993319,3.4827003
401,2.62,4.790000000000001,5.9836993,5.473117,3.869937
402,2.2,2.62,3.9002275,2.1729007,0.76627165
403,2.22,2.2,2.9342165,3.4630878,1.7512119
404,2.54,2.22,1.8440716,2.757499,0.94591427
405,2.91,2.54,0.97297525,3.6052258,1.4994268
406,3.39,2.91,1.1144494,3.639652,2.0716505
407,3.79,3.39,2.0870743,4.2897716,2.3654027
408,3.94,3.79,2.3153968,4.4783177,2.739463
409,3.94,3.94,2.5259378,4.5804095,2.932129
410,4.1,3.94,3.5869174,4.5224037,3.0074935
411,4.42,4.1,3.6812963,4.778512,3.0336635
412,4.41,4.42,3.4794428,5.0792637,3.5357387
413,3.9099999999999997,4.41,3.602928,4.894482,3.306014
414,3.55,3.9099999999999997,3.6548533,4.302097,2.6820579
415,3.24,3.55,3.1161575,4.136525,2.360713
416,3.08,3.24,3.2010207,3.7981212,1.9579102
417,2.98,3.08,3.7773397,3.7672176,2.0455978
418,2.88,2.98,4.125062,3.6452494,1.9532826
419,2.82,2.88,3.7456272,3.5750399,1.7633014
420,2.72,2.82,3.606812,3.531224,1.8923864
421,2.63,2.72,3.4474292,3.4165852,1.550467
422,2.51,2.63,2.8925188,3.3561583,1.4455229
423,2.47,2.51,3.1126337,3.223044,1.3795578
424,2.51,2.47,2.229476,3.2428963,1.5626601
425,2.65,2.51,1.3392171,3.287433,1.3484079
426,2.98,2.65,1.6912227,3.457487,1.484681
427,3.25,2.98,2.1866324,3.8212988,2.2074049
428,3.4,3.25,1.916223,3.991234,2.3231654
429,3.46,3.4,3.0619836,4.1039267,2.3459444
430,3.45,3.46,4.5030193,4.1235886,2.4804876
431,3.53,3.45,4.323922,4.0984635,2.2808647
432,4.44,3.53,3.370119,4.224345,2.5053272
433,6.470000000000001,4.44,4.7702937,5.421882,3.5195026
434,6.83,6.470000000000001,7.2003036,7.5699954,5.883433
435,5.500000000000001,6.83,6.727144,6.8530025,5.5541644
436,4.93,5.500000000000001,5.426338,5.4068203,4.193679
437,4.97,4.93,6.3266187,5.4334664,4.013826
438,4.4,4.97,6.322697,5.474096,3.9146085
439,3.94,4.4,5.625383,4.65623,3.1262417
440,3.61,3.94,4.9763975,4.4793234,2.8569994
441,3.33,3.61,4.759071,4.1195135,2.6822376
442,3.07,3.33,3.9428954,3.9333613,2.1192038
443,2.83,3.07,3.1230295,3.6763937,1.8272427
444,2.63,2.83,3.6386023,3.4875646,1.7363639
445,2.47,2.63,3.9661036,3.315808,1.6443498
446,2.34,2.47,2.8796475,3.1901596,1.589924
447,2.23,2.34,2.6260395,3.0801613,1.3177549
448,2.1,2.23,3.1653082,2.9891756,1.145427
449,2.07,2.1,2.9055414,2.8594627,1.0264572
450,2.14,2.07,2.8287914,2.8913407,1.0519828
451,2.34,2.14,2.7085483,2.9709165,1.162417
452,2.61,2.34,2.8693912,3.204805,1.2992425
453,2.75,2.61,3.028461,3.4486384,1.60063
454,2.92,2.75,3.8758771,3.5053961,1.6591604
455,3.1,2.92,3.9045467,3.7103496,1.9605361
456,3.21,3.1,3.9454596,3.8450105,2.0125437
457,3.37,3.21,3.4254742,3.9219506,2.22324
458,2.58,3.37,3.214815,4.101447,2.3077242
459,2.97,2.58,2.3686695,2.8970187,0.96063733
460,3.05,2.97,4.172419,4.1258817,2.06677
461,3.06,3.05,4.8099165,3.5390534,1.8575919
462,3.06,3.06,4.905149,3.8865585,1.8818369
463,3.11,3.06,5.125182,3.6890435,1.957215
464,3.08,3.11,4.712132,3.871072,2.038319
465,3.04,3.08,4.923176,3.725753,1.9729124
466,3.13,3.04,4.8608704,3.7525387,1.8821304
467,3.53,3.13,4.9554095,3.8628888,2.043338
468,4.52,3.53,4.6727242,4.358211,2.4351726
469,5.230000000000001,4.52,5.679436,5.457387,3.6768296
470,4.48,5.230000000000001,5.3274775,5.8229127,4.183333
471,3.77,4.48,3.7760954,4.5696263,3.1247778
472,3.35,3.77,3.5545928,4.2914,2.7822366
473,2.99,3.35,4.213752,3.863573,2.2401702
474,2.66,2.99,4.16749,3.604433,1.8475827
475,2.4,2.66,3.2482166,3.2912364,1.668895
476,2.24,2.4,2.736538,3.1064353,1.2758572
477,2.21,2.24,2.8438191,2.9881942,1.2045244
478,2.21,2.21,2.854704,3.0135489,1.04581
479,2.42,2.21,2.99724,2.9991338,1.0961579
480,2.7,2.42,3.40248,3.3004098,1.4386165
481,2.81,2.7,4.2042,3.5198832,1.8357247
482,2.79,2.81,4.4679575,3.5486233,1.7630806
483,2.87,2.79,4.028798,3.5043776,1.7508649
484,3.05,2.87,5.434184,3.641161,1.8677768
485,3.18,3.05,5.6130667,3.8145723,1.9880176
486,3.64,3.18,4.9118285,3.8973935,2.0823863
487,4.06,3.64,5.352545,4.492041,2.7447412
488,4.25,4.06,5.6994033,4.7399764,2.9216354
489,4.56,4.25,5.3846354,4.864097,3.2186162
490,4.89,4.56,5.4495792,5.225855,3.517778
491,5.39,4.89,5.261752,5.480469,3.887384
492,6.02,5.39,5.839919,6.032779,4.468288
493,5.260000000000001,6.02,5.151217,6.5970225,5.1069365
494,4.28,5.260000000000001,4.596667,5.2176,3.771527
495,4.2,4.28,3.4402573,4.634592,3.0238688
496,5.460000000000001,4.2,3.209245,4.8542366,3.248434
497,5.800000000000001,5.460000000000001,5.477121,6.4857154,4.6793885
498,4.3,5.800000000000001,5.2912955,6.033485,4.6640015
499,4.24,4.3,3.9831877,4.1988926,2.9315698
500,4.19,4.24,5.3372264,5.157503,3.64955
501,4.13,4.19,5.3452234,4.543209,3.006693
502,4.39,4.13,4.6297064,4.80853,2.988352
503,4.12,4.39,6.4875045,5.0203815,3.5498536
504,3.61,4.12,6.463104,4.5234833,3.1050553
505,3.55,3.61,4.138659,4.0944176,2.5874827
506,3.64,3.55,3.5405483,4.254545,2.5242255
507,3.57,3.64,3.556577,4.2891,2.5823855
508,3.38,3.57,3.957384,4.171813,2.636389
509,3.16,3.38,4.8189273,3.9733973,2.5092227
510,3.03,3.16,3.863743,3.779217,2.2565281
511,2.99,3.03,4.700636,3.708197,1.8925837
512,2.92,2.99,4.4696407,3.6927516,1.9015863
513,2.78,2.92,3.9965413,3.6038544,1.8139069
514,2.7,2.78,3.6700966,3.4590273,1.791162
515,2.72,2.7,3.4734707,3.4297168,1.6765238
516,3.23,2.72,2.6674488,3.4742875,1.6061713
517,4.29,3.23,3.7800045,4.160541,2.339549
518,5.690000000000001,4.29,5.7474465,5.248997,3.3619187
519,7.29,5.690000000000001,6.5594964,6.5820913,4.945856
520,6.440000000000001,7.29,8.659103,8.053297,6.68315
521,5.27,6.440000000000001,7.253483,6.0354805,4.8784842
522,4.05,5.27,5.283452,5.5504365,3.9660726
523,3.09,4.05,4.5276494,4.124638,2.6872594
524,4.0,3.09,4.7795196,3.595576,1.9228445
525,9.52,4.0,5.993967,5.165542,3.3589005
526,18.62,9.52,10.505589,11.948309,10.042383
527,16.39,18.62,17.083935,20.638735,19.424185
528,10.24,16.39,14.128863,12.732201,13.06103
529,7.050000000000001,10.24,7.5894594,8.671644,8.632949
530,5.12,7.050000000000001,6.238844,6.5343966,6.1159244
531,4.11,5.12,4.941249,5.057966,3.3499508
532,3.4,4.11,3.9876535,4.48818,3.176604
533,2.94,3.4,5.103413,3.8214927,2.8586488
534,2.72,2.94,5.4753003,3.5585823,2.4599876
535,3.47,2.72,3.2192194,3.401033,1.6575016
536,3.85,3.47,3.9815354,4.5369496,2.2657192
537,3.8899999999999997,3.85,6.124265,4.421562,2.69986
538,4.580000000000001,3.8899999999999997,4.960265,4.5429177,3.4771502
539,4.960000000000001,4.580000000000001,5.711793,5.43614,4.5185533
540,4.41,4.960000000000001,6.3755274,5.4586377,4.0120807
541,3.96,4.41,4.2047863,4.678959,3.1052673
542,5.130000000000001,3.96,3.4215252,4.494305,3.0024118
543,10.77,5.130000000000001,6.1685963,6.2302485,4.845993
544,32.74,10.77,10.864376,13.076756,11.747658
545,30.18,32.74,29.45687,38.522987,36.26357
546,18.8,30.18,24.026314,21.63377,23.424545
547,16.31,18.8,14.223909,15.495283,16.230179
548,12.58,16.31,14.975482,15.509803,16.614733
549,14.09,12.58,10.888257,10.349766,8.934811
550,14.14,14.09,13.2093315,15.339433,14.736248
551,13.62,14.14,14.698545,12.606035,13.294952
552,11.58,13.62,12.476932,13.425744,13.103213
553,12.09,11.58,9.289487,10.140232,10.310148
554,11.85,12.09,10.844591,12.699928,11.168118
555,10.81,11.85,12.0060625,10.924645,10.043379
556,8.56,10.81,11.150439,10.485408,10.781002
557,7.739999999999999,8.56,9.601425,7.608031,8.692082
558,5.470000000000001,7.739999999999999,8.298565,8.097911,7.475328
559,7.1000000000000005,5.470000000000001,5.515439,4.6578593,3.5847056
560,7.590000000000001,7.1000000000000005,5.694517,8.878934,7.186363
561,5.800000000000001,7.590000000000001,6.1944456,7.168776,6.350781
562,5.18,5.800000000000001,6.3516817,5.6457,5.7678537
563,8.1,5.18,6.5521736,5.6463084,4.5660334
564,16.5,8.1,8.694301,9.70863,8.467906
565,22.02,16.5,15.828816,18.99662,18.040083
566,25.04,22.02,19.681038,21.35534,21.150276
567,19.13,25.04,22.872087,24.130278,25.147182
568,13.89,19.13,18.096424,14.550104,17.147005
569,8.87,13.89,11.981505,12.704908,12.509595
570,8.91,8.87,6.6300116,6.780941,4.9654374
571,8.81,8.91,7.6233926,10.191308,8.598376
572,11.86,8.81,9.520129,8.122501,8.938447
573,9.61,11.86,12.301594,13.5173855,12.029858
574,10.17,9.61,10.871652,7.35042,8.103151
575,14.48,10.17,10.209776,11.616087,9.7211075
576,22.43,14.48,14.082115,15.166366,14.456821
577,31.739999999999995,22.43,21.03561,24.011045,23.622898
578,40.14,31.739999999999995,28.586926,31.556684,31.98709
579,45.33,40.14,33.780968,38.362663,38.974613
580,36.39,45.33,36.841106,41.364986,41.73524
581,29.09,36.39,28.740538,28.386927,30.340229
582,31.239999999999995,29.09,23.646765,25.716066,27.305641
583,23.86,31.239999999999995,29.557297,29.997223,31.020252
584,17.74,23.86,21.86051,17.761593,19.079721
585,14.55,17.74,15.1587305,16.20584,16.924631
586,13.75,14.55,14.14286,12.684899,14.008775
587,11.37,13.75,14.489895,13.560813,12.007371
588,10.17,11.37,12.074559,9.772437,10.285411
589,10.01,10.17,11.704565,10.248729,9.523328
590,9.44,10.01,12.720135,9.75745,10.547138
591,8.15,9.44,10.322729,9.243837,9.065491
592,8.1,8.15,9.559219,7.7412834,7.90227
593,8.76,8.1,10.166283,8.523027,8.084864
594,8.01,8.76,9.971092,8.997732,9.524918
595,8.63,8.01,6.905108,7.685978,7.8591857
596,6.190000000000001,8.63,8.151424,9.29083,9.258051
597,6.400000000000001,6.190000000000001,6.665937,4.9842653,4.8756423
598,5.710000000000001,6.400000000000001,7.2366,7.7206492,6.113734
599,5.12,5.710000000000001,7.4027777,5.2068377,4.5009174
600,4.81,5.12,7.9738073,5.811851,5.1327796
601,5.510000000000001,4.81,7.600919,5.036123,3.4426353
602,6.720000000000001,5.510000000000001,8.560993,6.4521537,5.748072
603,6.75,6.720000000000001,9.43375,7.3338265,5.8890796
604,26.4,6.75,6.876686,6.875569,4.9950485
605,24.52,26.4,24.962225,33.679104,30.408587
606,13.17,24.52,22.257393,16.611698,18.790741
607,9.55,13.17,9.834591,10.545504,10.51053
608,7.639999999999999,9.55,7.7595463,8.950667,9.167145
609,8.42,7.639999999999999,8.542814,7.197702,5.1611886
610,13.13,8.42,9.115082,9.275415,8.219641
611,14.880000000000003,13.13,14.271627,14.620676,14.016032
612,22.23,14.880000000000003,15.959141,14.031748,14.2715225
613,19.92,22.23,21.363987,24.362669,23.146656
614,14.82,19.92,18.795433,15.506779,16.099987
615,11.74,14.82,14.650904,13.451081,12.418082
616,10.76,11.74,12.587958,10.347876,11.436185
617,9.56,10.76,12.553666,10.741855,10.840232
618,8.61,9.56,11.725684,8.853415,8.92566
619,7.429999999999999,8.61,9.98232,8.602217,7.883502
620,9.07,7.429999999999999,9.361466,7.102958,7.0934124
621,9.24,9.07,10.964357,10.231296,8.971833
622,7.679999999999999,9.24,9.732609,8.697724,8.976756
623,6.690000000000001,7.679999999999999,9.088259,7.3968077,6.420902
624,6.220000000000001,6.690000000000001,8.029563,6.7562857,6.733162
625,6.56,6.220000000000001,7.5772223,6.4650784,6.260533
626,7.17,6.56,8.836705,7.1037655,6.136253
627,7.88,7.17,9.030428,7.59069,6.629213
628,6.980000000000001,7.88,10.457597,8.302433,8.881579
629,6.130000000000001,6.980000000000001,8.228459,6.646382,6.00706
630,5.57,6.130000000000001,6.812396,6.402072,4.660396
631,6.090000000000001,5.57,9.031401,5.76044,3.862991
632,10.49,6.090000000000001,11.4181,6.8490148,6.5535035
633,10.71,10.49,13.206284,12.341472,10.1465435
634,14.29,10.71,13.658699,9.5457325,10.1305
635,13.83,14.29,16.344887,16.06419,14.537936
636,12.76,13.83,15.953004,11.768883,12.428601
637,10.83,12.76,14.031473,12.708989,11.663178
638,8.86,10.83,12.011737,9.504476,8.855476
639,10.24,8.86,10.018118,8.581066,7.08145
640,8.61,10.24,11.361248,11.018672,10.517615
641,7.33,8.61,8.350499,7.3752937,6.572979
642,7.280000000000001,7.33,7.2499104,7.6594195,6.851868
643,6.440000000000001,7.280000000000001,8.518709,7.428767,6.9276905
644,6.02,6.440000000000001,7.85117,6.3899364,5.0709133
645,10.21,6.02,7.4324994,6.3943615,5.3743014
646,10.34,10.21,10.103516,12.210377,10.957653
647,8.09,10.34,11.417584,9.106005,8.03513
648,6.85,8.09,8.930369,7.735922,7.215124
649,6.06,6.85,8.5208845,6.786728,6.245854
650,5.420000000000001,6.06,7.806258,6.2249026,5.1803026
651,5.32,5.420000000000001,8.519467,5.651964,4.8237658
652,4.750000000000001,5.32,8.436874,5.8378778,5.036992
653,4.48,4.750000000000001,8.498208,4.937673,4.147585
654,4.32,4.48,7.185873,5.0725207,3.8441575
655,4.21,4.32,4.5482125,4.772802,3.147687
656,5.190000000000001,4.21,4.5662737,4.789667,3.0301561
657,5.690000000000001,5.190000000000001,7.2452874,6.146208,5.0537047
658,3.54,5.690000000000001,9.452518,6.0729194,4.4804845
659,3.92,3.54,7.157563,3.1160085,2.3722804
660,3.83,3.92,5.9632025,5.326372,3.6339061
661,3.71,3.83,6.1597056,3.9450488,2.198478
662,3.7200000000000006,3.71,5.1957583,4.5626,3.091417
663,5.36,3.7200000000000006,4.7990375,4.2256436,3.0966089
664,2.79,5.36,7.9955645,6.703085,4.7990956
665,3.81,2.79,6.5112042,1.7107646,0.3868177
666,5.440000000000001,3.81,7.9901505,5.9709353,3.6444938
667,2.75,5.440000000000001,9.077023,5.824031,4.48994
668,3.66,2.75,4.556333,2.1548269,0.18765059
669,3.7200000000000006,3.66,7.27464,5.5097537,4.290196
670,3.6,3.7200000000000006,9.527283,3.6873393,2.1716552
671,3.55,3.6,5.7862296,4.5555983,2.5288413
672,3.43,3.55,5.657991,3.9924576,2.1917987
673,3.52,3.43,5.353417,4.145083,2.6250243
674,3.65,3.52,5.551881,4.1839027,2.3483222
675,3.85,3.65,4.141313,4.343192,2.6728153
676,4.0,3.85,3.2949674,4.531655,2.7515197
677,4.13,4.0,3.9941318,4.63379,2.9682636
678,4.47,4.13,4.3678327,4.7570715,3.4307566
679,4.29,4.47,4.0364714,5.161158,3.552871
680,4.08,4.29,4.2146273,4.6806054,3.0832672
681,3.9500000000000006,4.08,4.9585238,4.6607413,3.3652287
682,3.9000000000000004,3.9500000000000006,3.7601871,4.4907084,2.4396267
683,3.8399999999999994,3.9000000000000004,5.1787553,4.5175786,3.0362692
684,3.69,3.8399999999999994,6.613872,4.4186206,3.0569263
685,3.62,3.69,4.893447,4.265612,2.3735428
686,3.56,3.62,6.4328513,4.2549114,2.6405141
687,3.49,3.56,5.9871345,4.1772904,2.8682299
688,3.39,3.49,4.268887,4.123749,2.2485023
689,3.47,3.39,3.9006283,4.014665,2.3063073
690,3.52,3.47,2.9000409,4.1882653,2.772608
691,3.4,3.52,4.170509,4.1593633,2.2621114
692,3.32,3.4,5.0756435,4.008376,2.151666
693,3.26,3.32,3.733471,3.9825728,2.558902
694,3.21,3.26,2.2630012,3.9135275,2.1178312
695,3.22,3.21,2.7636425,3.8830082,2.1212125
696,3.09,3.22,3.5288181,3.9143066,2.3846643
697,2.91,3.09,2.9400387,3.7151313,1.8049171
698,2.8,2.91,2.5046127,3.5771787,2.1118233
699,2.73,2.8,3.4280837,3.5020995,1.4771363
700,2.96,2.73,2.6711602,3.447097,1.6879069
701,3.8199999999999994,2.96,1.449518,3.7992988,1.9333621
702,3.9300000000000006,3.8199999999999994,4.420585,4.798821,2.955144
703,3.83,3.9300000000000006,4.512003,4.384353,2.7043147
704,4.09,3.83,5.308791,4.4803715,2.8817348
705,3.83,4.09,5.5867467,4.788445,3.1135285
706,3.57,3.83,4.064645,4.250754,2.5158844
707,3.36,3.57,5.8772454,4.193604,2.6698372
708,3.21,3.36,5.249586,3.9331083,2.1230433
709,3.32,3.21,3.822109,3.8718793,2.126937
710,3.8699999999999997,3.32,2.5480368,4.060148,2.332491
711,4.81,3.8699999999999997,1.826988,4.7203617,2.7454946
712,4.17,4.81,3.2556918,5.6559873,4.062473
713,3.8699999999999997,4.17,2.5282505,4.232061,2.7167177
